announced_at_utc,channel_name,symbol,exchange,is_success,pump_date_utc,label,label_numeric,reason_codes,source_repo,source_url,notes
2021-08-08T13:44:38Z,Trading Crypto Coach¬Æ,AVAX,Binance,0,,pump_and_dump,1,telegram_pump_channel,ArdiaD/PumpDump,https://github.com/ArdiaD/PumpDump,
2021-08-08T17:00:10Z,Kucoin Pump Signals | Crypto Trading,EZ,Binance,1,2021-08-08T17:00:00Z,pump_and_dump,1,telegram_pump_channel,ArdiaD/PumpDump,https://github.com/ArdiaD/PumpDump,
2021-08-09T17:57:23Z,Binance Moon Pump‚Ñ¢,ARPA,Binance,0,,pump_and_dump,1,telegram_pump_channel,ArdiaD/PumpDump,https://github.com/ArdiaD/PumpDump,
2021-08-10T04:44:37Z,Whales Crypto Guide,ARPA,Binance,0,,pump_and_dump,1,telegram_pump_channel,ArdiaD/PumpDump,https://github.com/ArdiaD/PumpDump,
2021-08-10T17:38:12Z,Binance Moon Pump‚Ñ¢,MDA,Binance,0,,pump_and_dump,1,telegram_pump_channel,ArdiaD/PumpDump,https://github.com/ArdiaD/PumpDump,
2021-08-15T04:13:42Z,Binance Moon Pump‚Ñ¢,RDN,Binance,0,,pump_and_dump,1,telegram_pump_channel,ArdiaD/PumpDump,https://github.com/ArdiaD/PumpDump,
2021-08-15T16:48:07Z,Trading Crypto Coach¬Æ,BEAM,Binance,0,,pump_and_dump,1,telegram_pump_channel,ArdiaD/PumpDump,https://github.com/ArdiaD/PumpDump,
2021-08-15T17:31:33Z,Binance Moon Pump‚Ñ¢,ADX,Binance,0,,pump_and_dump,1,telegram_pump_channel,ArdiaD/PumpDump,https://github.com/ArdiaD/PumpDump,
2021-08-16T05:46:48Z,Binance Moon Pump‚Ñ¢,CTXC,Binance,0,,pump_and_dump,1,telegram_pump_channel,ArdiaD/PumpDump,https://github.com/ArdiaD/PumpDump,
2021-08-17T02:54:01Z,Binance Moon Pump‚Ñ¢,OAX,Binance,0,,pump_and_dump,1,telegram_pump_channel,ArdiaD/PumpDump,https://github.com/ArdiaD/PumpDump,
2021-08-17T12:03:37Z,Whales Crypto Guide,FOR,Binance,0,,pump_and_dump,1,telegram_pump_channel,ArdiaD/PumpDump,https://github.com/ArdiaD/PumpDump,
2021-08-20T02:08:20Z,Binance Moon Pump‚Ñ¢,NU,Binance,0,,pump_and_dump,1,telegram_pump_channel,ArdiaD/PumpDump,https://github.com/ArdiaD/PumpDump,
2021-08-20T04:13:22Z,Whales Crypto Guide,ARPA,Binance,0,,pump_and_dump,1,telegram_pump_channel,ArdiaD/PumpDump,https://github.com/ArdiaD/PumpDump,
2021-08-20T11:40:08Z,Crypto Trader,WRX,Binance,0,,pump_and_dump,1,telegram_pump_channel,ArdiaD/PumpDump,https://github.com/ArdiaD/PumpDump,
2021-08-20T13:41:07Z,Binance Moon Pump‚Ñ¢,AION,Binance,0,,pump_and_dump,1,telegram_pump_channel,ArdiaD/PumpDump,https://github.com/ArdiaD/PumpDump,
2021-08-21T13:04:15Z,Whales Crypto Guide,FOR,Binance,0,,pump_and_dump,1,telegram_pump_channel,ArdiaD/PumpDump,https://github.com/ArdiaD/PumpDump,
2021-08-21T16:00:08Z,Whales Crypto Guide,GVT,Binance,0,,pump_and_dump,1,telegram_pump_channel,ArdiaD/PumpDump,https://github.com/ArdiaD/PumpDump,
2021-08-22T13:10:59Z,Binance Moon Pump‚Ñ¢,POND,Binance,0,,pump_and_dump,1,telegram_pump_channel,ArdiaD/PumpDump,https://github.com/ArdiaD/PumpDump,
2021-08-22T17:00:11Z,Kucoin Pump Signals | Crypto Trading,NAS,Binance,1,2021-08-22T17:00:00Z,pump_and_dump,1,telegram_pump_channel,ArdiaD/PumpDump,https://github.com/ArdiaD/PumpDump,
2021-08-22T20:31:14Z,PumpKings‚Ñ¢,SRM,Binance,0,,pump_and_dump,1,telegram_pump_channel,ArdiaD/PumpDump,https://github.com/ArdiaD/PumpDump,
2021-08-24T00:51:30Z,Binance Moon Pump‚Ñ¢,TCT,Binance,0,,pump_and_dump,1,telegram_pump_channel,ArdiaD/PumpDump,https://github.com/ArdiaD/PumpDump,
2021-08-24T06:38:24Z,Binance Moon Pump‚Ñ¢,BLZ,Binance,0,,pump_and_dump,1,telegram_pump_channel,ArdiaD/PumpDump,https://github.com/ArdiaD/PumpDump,
2021-08-27T15:50:21Z,Binance Moon Pump‚Ñ¢,QSP,Binance,0,,pump_and_dump,1,telegram_pump_channel,ArdiaD/PumpDump,https://github.com/ArdiaD/PumpDump,
2021-08-27T16:00:06Z,Binance Trading Signals,GXS,Binance,1,2021-08-27T16:00:00Z,pump_and_dump,1,telegram_pump_channel,ArdiaD/PumpDump,https://github.com/ArdiaD/PumpDump,
2021-08-27T19:27:02Z,ùë™ùíêùíäùíè|ùë™ùíêùíÇùíÑùíâ|ùë∫ùíäùíàùíèùíÇùíçùíî,KEEP,Binance,0,,pump_and_dump,1,telegram_pump_channel,ArdiaD/PumpDump,https://github.com/ArdiaD/PumpDump,
2021-08-29T12:54:33Z,Whales Crypto Guide,BNB,Binance,0,,pump_and_dump,1,telegram_pump_channel,ArdiaD/PumpDump,https://github.com/ArdiaD/PumpDump,
2021-08-29T13:38:16Z,Crypto Trader,ICP,Binance,0,,pump_and_dump,1,telegram_pump_channel,ArdiaD/PumpDump,https://github.com/ArdiaD/PumpDump,
2021-08-29T17:00:07Z,Crypto Signal,BRD,Binance,1,2021-08-29T17:00:00Z,pump_and_dump,1,telegram_pump_channel,ArdiaD/PumpDump,https://github.com/ArdiaD/PumpDump,
2021-08-30T18:40:45Z,Whales Crypto Guide,SKL,Binance,0,,pump_and_dump,1,telegram_pump_channel,ArdiaD/PumpDump,https://github.com/ArdiaD/PumpDump,
2021-09-01T08:38:04Z,The Bull,CHZ,Binance,1,2021-09-01T08:26:00Z,pump_and_dump,1,telegram_pump_channel,ArdiaD/PumpDump,https://github.com/ArdiaD/PumpDump,
2021-09-02T17:03:00Z,Crypto Trader,ALPHA,Binance,0,,pump_and_dump,1,telegram_pump_channel,ArdiaD/PumpDump,https://github.com/ArdiaD/PumpDump,
2021-09-04T18:00:14Z,Whales Crypto Guide,PNT,Binance,0,,pump_and_dump,1,telegram_pump_channel,ArdiaD/PumpDump,https://github.com/ArdiaD/PumpDump,
2021-09-05T11:03:12Z,Whales Crypto Guide,MDA,Binance,0,,pump_and_dump,1,telegram_pump_channel,ArdiaD/PumpDump,https://github.com/ArdiaD/PumpDump,
2021-09-05T17:00:38Z,Binance whales pumps,VIB,Binance,1,2021-09-05T17:00:00Z,pump_and_dump,1,telegram_pump_channel,ArdiaD/PumpDump,https://github.com/ArdiaD/PumpDump,
2021-09-05T17:39:07Z,Binance Moon Pump‚Ñ¢,NXS,Binance,0,,pump_and_dump,1,telegram_pump_channel,ArdiaD/PumpDump,https://github.com/ArdiaD/PumpDump,
2021-09-06T11:06:07Z,Crypto Trader,SFP,Binance,0,,pump_and_dump,1,telegram_pump_channel,ArdiaD/PumpDump,https://github.com/ArdiaD/PumpDump,
2021-09-06T16:53:31Z,Crypto Trader,ALGO,Binance,0,,pump_and_dump,1,telegram_pump_channel,ArdiaD/PumpDump,https://github.com/ArdiaD/PumpDump,
2021-09-07T14:28:03Z,Binance Moon Pump‚Ñ¢,ADX,Binance,0,,pump_and_dump,1,telegram_pump_channel,ArdiaD/PumpDump,https://github.com/ArdiaD/PumpDump,
2021-09-08T08:26:51Z,Crypto VIP Signal‚Ñ¢,NEAR,Binance,0,,pump_and_dump,1,telegram_pump_channel,ArdiaD/PumpDump,https://github.com/ArdiaD/PumpDump,
2021-09-09T14:00:08Z,Binance Pump Tracker‚Ñ¢,FUN,Binance,0,,pump_and_dump,1,telegram_pump_channel,ArdiaD/PumpDump,https://github.com/ArdiaD/PumpDump,
2021-09-09T17:48:20Z,Binance Waves,SOL,Binance,0,,pump_and_dump,1,telegram_pump_channel,ArdiaD/PumpDump,https://github.com/ArdiaD/PumpDump,
2021-09-10T12:13:12Z,Binance Moon Pump‚Ñ¢,OAX,Binance,0,,pump_and_dump,1,telegram_pump_channel,ArdiaD/PumpDump,https://github.com/ArdiaD/PumpDump,
2021-09-10T12:16:15Z,Yo Crypto 2.0,AVAX,Binance,0,,pump_and_dump,1,telegram_pump_channel,ArdiaD/PumpDump,https://github.com/ArdiaD/PumpDump,
2021-09-10T17:41:18Z,Binance Moon Pump‚Ñ¢,QLC,Binance,0,,pump_and_dump,1,telegram_pump_channel,ArdiaD/PumpDump,https://github.com/ArdiaD/PumpDump,
2021-09-11T07:24:08Z,Crypto Trader,ALGO,Binance,0,,pump_and_dump,1,telegram_pump_channel,ArdiaD/PumpDump,https://github.com/ArdiaD/PumpDump,
2021-09-11T11:42:18Z,Binance Moon Pump‚Ñ¢,PHB,Binance,0,,pump_and_dump,1,telegram_pump_channel,ArdiaD/PumpDump,https://github.com/ArdiaD/PumpDump,
2021-09-11T12:22:44Z,WhalePump Reborn: Best Signals! (100% FREE),ROSE,Binance,0,,pump_and_dump,1,telegram_pump_channel,ArdiaD/PumpDump,https://github.com/ArdiaD/PumpDump,
2021-09-11T16:00:15Z,Binance Moon Pump‚Ñ¢,DLT,Binance,0,,pump_and_dump,1,telegram_pump_channel,ArdiaD/PumpDump,https://github.com/ArdiaD/PumpDump,
2021-09-12T12:40:38Z,Binance Moon Pump‚Ñ¢,GTO,Binance,0,,pump_and_dump,1,telegram_pump_channel,ArdiaD/PumpDump,https://github.com/ArdiaD/PumpDump,
2021-09-13T18:10:41Z,Binance Moon Pump‚Ñ¢,RDN,Binance,0,,pump_and_dump,1,telegram_pump_channel,ArdiaD/PumpDump,https://github.com/ArdiaD/PumpDump,
2021-09-14T12:30:23Z,Crypto Trader,CHZ,Binance,0,,pump_and_dump,1,telegram_pump_channel,ArdiaD/PumpDump,https://github.com/ArdiaD/PumpDump,
2021-09-15T15:29:50Z,Binance Moon Pump‚Ñ¢,PIVX,Binance,0,,pump_and_dump,1,telegram_pump_channel,ArdiaD/PumpDump,https://github.com/ArdiaD/PumpDump,
2021-09-15T17:00:05Z,Binance Trading Signals,CTXC,Binance,1,2021-09-15T17:01:00Z,pump_and_dump,1,telegram_pump_channel,ArdiaD/PumpDump,https://github.com/ArdiaD/PumpDump,
2021-09-18T12:47:05Z,Binance Moon Pump‚Ñ¢,AION,Binance,0,,pump_and_dump,1,telegram_pump_channel,ArdiaD/PumpDump,https://github.com/ArdiaD/PumpDump,
2021-09-19T14:51:19Z,Binance Moon Pump‚Ñ¢,BRD,Binance,0,,pump_and_dump,1,telegram_pump_channel,ArdiaD/PumpDump,https://github.com/ArdiaD/PumpDump,
2021-09-19T17:00:11Z,Kucoin Pump Signals | Crypto Trading,FXS,Binance,1,2021-09-19T17:00:00Z,pump_and_dump,1,telegram_pump_channel,ArdiaD/PumpDump,https://github.com/ArdiaD/PumpDump,
2021-09-21T13:50:06Z,Binance Moon Pump‚Ñ¢,NAV,Binance,0,,pump_and_dump,1,telegram_pump_channel,ArdiaD/PumpDump,https://github.com/ArdiaD/PumpDump,
2021-09-22T13:07:05Z,Binance Moon Pump‚Ñ¢,NEBL,Binance,0,,pump_and_dump,1,telegram_pump_channel,ArdiaD/PumpDump,https://github.com/ArdiaD/PumpDump,
2021-09-22T13:14:27Z,Binance Moon Pump‚Ñ¢,PNT,Binance,0,,pump_and_dump,1,telegram_pump_channel,ArdiaD/PumpDump,https://github.com/ArdiaD/PumpDump,
2021-09-22T14:24:02Z,Binance Moon Pump‚Ñ¢,EVX,Binance,0,,pump_and_dump,1,telegram_pump_channel,ArdiaD/PumpDump,https://github.com/ArdiaD/PumpDump,
2021-09-22T16:00:04Z,Whales Crypto Expert‚Ñ¢,NXS,Binance,1,2021-09-22T16:00:00Z,pump_and_dump,1,telegram_pump_channel,ArdiaD/PumpDump,https://github.com/ArdiaD/PumpDump,
2021-09-23T14:20:24Z,Binance Moon Pump‚Ñ¢,FIO,Binance,0,,pump_and_dump,1,telegram_pump_channel,ArdiaD/PumpDump,https://github.com/ArdiaD/PumpDump,
2021-09-25T11:07:31Z,Binance Moon Pump‚Ñ¢,SUPER,Binance,0,,pump_and_dump,1,telegram_pump_channel,ArdiaD/PumpDump,https://github.com/ArdiaD/PumpDump,
2021-09-28T14:18:48Z,Binance Moon Pump‚Ñ¢,MTH,Binance,0,,pump_and_dump,1,telegram_pump_channel,ArdiaD/PumpDump,https://github.com/ArdiaD/PumpDump,
2021-09-30T14:07:22Z,Binance Moon Pump‚Ñ¢,APPC,Binance,0,,pump_and_dump,1,telegram_pump_channel,ArdiaD/PumpDump,https://github.com/ArdiaD/PumpDump,
2021-10-02T10:43:02Z,Binance Moon Pump‚Ñ¢,YOYO,Binance,0,,pump_and_dump,1,telegram_pump_channel,ArdiaD/PumpDump,https://github.com/ArdiaD/PumpDump,
2021-10-02T11:03:10Z,Binance Moon Pump‚Ñ¢,QLC,Binance,0,,pump_and_dump,1,telegram_pump_channel,ArdiaD/PumpDump,https://github.com/ArdiaD/PumpDump,
2021-10-02T17:32:40Z,Binance Moon Pump‚Ñ¢,GXS,Binance,0,,pump_and_dump,1,telegram_pump_channel,ArdiaD/PumpDump,https://github.com/ArdiaD/PumpDump,
2021-10-03T16:51:28Z,Binance Royal Pump,EVX,Binance,1,2021-10-03T15:52:00Z,pump_and_dump,1,telegram_pump_channel,ArdiaD/PumpDump,https://github.com/ArdiaD/PumpDump,
2021-10-03T17:00:07Z,WallStreetBets Events üõ∏,EZ,Binance,1,2021-10-03T17:00:00Z,pump_and_dump,1,telegram_pump_channel,ArdiaD/PumpDump,https://github.com/ArdiaD/PumpDump,
2021-10-05T12:54:56Z,Binance Moon Pump‚Ñ¢,GTO,Binance,0,,pump_and_dump,1,telegram_pump_channel,ArdiaD/PumpDump,https://github.com/ArdiaD/PumpDump,
2021-10-05T15:00:06Z,Big Pumps Binance‚Ñ¢,SKY,Binance,1,2021-10-05T15:00:00Z,pump_and_dump,1,telegram_pump_channel,ArdiaD/PumpDump,https://github.com/ArdiaD/PumpDump,
2021-10-05T18:15:52Z,Binance Moon Pump‚Ñ¢,QLC,Binance,0,,pump_and_dump,1,telegram_pump_channel,ArdiaD/PumpDump,https://github.com/ArdiaD/PumpDump,
2021-10-07T05:27:32Z,Binance Mega Pump 360‚Ñ¢,BTCST,Binance,0,,pump_and_dump,1,telegram_pump_channel,ArdiaD/PumpDump,https://github.com/ArdiaD/PumpDump,
2021-10-07T05:39:41Z,Binance Moon Pump‚Ñ¢,ANT,Binance,0,,pump_and_dump,1,telegram_pump_channel,ArdiaD/PumpDump,https://github.com/ArdiaD/PumpDump,
2021-10-08T04:25:06Z,Binance Moon Pump‚Ñ¢,ACM,Binance,0,,pump_and_dump,1,telegram_pump_channel,ArdiaD/PumpDump,https://github.com/ArdiaD/PumpDump,
2021-10-08T12:10:53Z,Binance Moon Pump‚Ñ¢,QSP,Binance,0,,pump_and_dump,1,telegram_pump_channel,ArdiaD/PumpDump,https://github.com/ArdiaD/PumpDump,
2021-10-08T12:40:07Z,Binance whales pumps,VIB,Binance,0,,pump_and_dump,1,telegram_pump_channel,ArdiaD/PumpDump,https://github.com/ArdiaD/PumpDump,
2021-10-08T15:42:54Z,Binance Moon Pump‚Ñ¢,SKY,Binance,0,,pump_and_dump,1,telegram_pump_channel,ArdiaD/PumpDump,https://github.com/ArdiaD/PumpDump,
2021-10-08T16:17:35Z,Binance Moon Pump‚Ñ¢,NAV,Binance,0,,pump_and_dump,1,telegram_pump_channel,ArdiaD/PumpDump,https://github.com/ArdiaD/PumpDump,
2021-10-09T06:27:43Z,Binance Moon Pump‚Ñ¢,ADX,Binance,0,,pump_and_dump,1,telegram_pump_channel,ArdiaD/PumpDump,https://github.com/ArdiaD/PumpDump,
2021-10-09T13:13:41Z,Binance Moon Pump‚Ñ¢,POA,Binance,0,,pump_and_dump,1,telegram_pump_channel,ArdiaD/PumpDump,https://github.com/ArdiaD/PumpDump,
2021-10-09T14:38:12Z,Binance Moon Pump‚Ñ¢,NXS,Binance,0,,pump_and_dump,1,telegram_pump_channel,ArdiaD/PumpDump,https://github.com/ArdiaD/PumpDump,
2021-10-09T17:20:57Z,Binance Royal Pump,VIB,Binance,0,,pump_and_dump,1,telegram_pump_channel,ArdiaD/PumpDump,https://github.com/ArdiaD/PumpDump,
2021-10-10T05:31:16Z,Binance whales pumps,VIB,Binance,0,,pump_and_dump,1,telegram_pump_channel,ArdiaD/PumpDump,https://github.com/ArdiaD/PumpDump,
2021-10-10T17:00:05Z,Crypto Binance Trading | Signals & Pumps,WNXM,Binance,1,2021-10-10T17:00:00Z,pump_and_dump,1,telegram_pump_channel,ArdiaD/PumpDump,https://github.com/ArdiaD/PumpDump,
2021-10-12T10:27:50Z,Binance Royal Pump,VIB,Binance,0,,pump_and_dump,1,telegram_pump_channel,ArdiaD/PumpDump,https://github.com/ArdiaD/PumpDump,
2021-10-12T11:36:21Z,Binance whales pumps,VIB,Binance,0,,pump_and_dump,1,telegram_pump_channel,ArdiaD/PumpDump,https://github.com/ArdiaD/PumpDump,
2021-10-12T16:58:12Z,Binance Moon Pump‚Ñ¢,SKL,Binance,0,,pump_and_dump,1,telegram_pump_channel,ArdiaD/PumpDump,https://github.com/ArdiaD/PumpDump,
2021-10-12T17:19:58Z,Binance Moon Pump‚Ñ¢,BRD,Binance,0,,pump_and_dump,1,telegram_pump_channel,ArdiaD/PumpDump,https://github.com/ArdiaD/PumpDump,
2021-10-13T14:16:37Z,Binance Moon Pump‚Ñ¢,POND,Binance,0,,pump_and_dump,1,telegram_pump_channel,ArdiaD/PumpDump,https://github.com/ArdiaD/PumpDump,
2021-10-13T14:27:55Z,Binance Moon Pump‚Ñ¢,GXS,Binance,0,,pump_and_dump,1,telegram_pump_channel,ArdiaD/PumpDump,https://github.com/ArdiaD/PumpDump,
2021-10-14T15:00:06Z,Big Pumps Binance‚Ñ¢,WABI,Binance,1,2021-10-14T15:00:00Z,pump_and_dump,1,telegram_pump_channel,ArdiaD/PumpDump,https://github.com/ArdiaD/PumpDump,
2021-10-14T20:49:07Z,premium binance signals turkey,IRIS,Binance,0,,pump_and_dump,1,telegram_pump_channel,ArdiaD/PumpDump,https://github.com/ArdiaD/PumpDump,
2021-10-15T15:52:07Z,Binance Moon Pump‚Ñ¢,PNT,Binance,0,,pump_and_dump,1,telegram_pump_channel,ArdiaD/PumpDump,https://github.com/ArdiaD/PumpDump,
2021-10-16T16:20:18Z,Binance Moon Pump‚Ñ¢,GXS,Binance,0,,pump_and_dump,1,telegram_pump_channel,ArdiaD/PumpDump,https://github.com/ArdiaD/PumpDump,
2021-10-16T17:14:02Z,Binance Moon Pump‚Ñ¢,IRIS,Binance,0,,pump_and_dump,1,telegram_pump_channel,ArdiaD/PumpDump,https://github.com/ArdiaD/PumpDump,
2021-10-16T17:35:16Z,Binance Moon Pump‚Ñ¢,WAXP,Binance,0,,pump_and_dump,1,telegram_pump_channel,ArdiaD/PumpDump,https://github.com/ArdiaD/PumpDump,
2021-10-17T07:27:54Z,Binance Moon Pump‚Ñ¢,ANT,Binance,0,,pump_and_dump,1,telegram_pump_channel,ArdiaD/PumpDump,https://github.com/ArdiaD/PumpDump,
2021-10-17T17:48:26Z,Pumping üöÄ Star üåü,BEAM,Binance,0,,pump_and_dump,1,telegram_pump_channel,ArdiaD/PumpDump,https://github.com/ArdiaD/PumpDump,
2021-10-19T13:03:42Z,Trading Crypto Coach¬Æ,AVAX,Binance,0,,pump_and_dump,1,telegram_pump_channel,ArdiaD/PumpDump,https://github.com/ArdiaD/PumpDump,
2021-10-20T16:54:23Z,Binance Pump Tracker‚Ñ¢,BRD,Binance,0,,pump_and_dump,1,telegram_pump_channel,ArdiaD/PumpDump,https://github.com/ArdiaD/PumpDump,
2021-10-21T07:41:12Z,Binance Pump Tracker‚Ñ¢,RDN,Binance,0,,pump_and_dump,1,telegram_pump_channel,ArdiaD/PumpDump,https://github.com/ArdiaD/PumpDump,
2021-10-21T10:59:08Z,Binance Pump Tracker‚Ñ¢,NXS,Binance,0,,pump_and_dump,1,telegram_pump_channel,ArdiaD/PumpDump,https://github.com/ArdiaD/PumpDump,
2021-10-21T11:24:32Z,Binance Pump Tracker‚Ñ¢,EVX,Binance,0,,pump_and_dump,1,telegram_pump_channel,ArdiaD/PumpDump,https://github.com/ArdiaD/PumpDump,
2021-10-21T16:00:10Z,Whales Crypto Expert‚Ñ¢,POA,Binance,1,2021-10-21T16:00:00Z,pump_and_dump,1,telegram_pump_channel,ArdiaD/PumpDump,https://github.com/ArdiaD/PumpDump,
2021-10-22T13:28:27Z,Binance Pump Tracker‚Ñ¢,AGIX,Binance,0,,pump_and_dump,1,telegram_pump_channel,ArdiaD/PumpDump,https://github.com/ArdiaD/PumpDump,
2021-10-23T16:15:53Z,Binance Pump Tracker‚Ñ¢,ADX,Binance,0,,pump_and_dump,1,telegram_pump_channel,ArdiaD/PumpDump,https://github.com/ArdiaD/PumpDump,
2021-10-23T16:31:21Z,Binance Pump Tracker‚Ñ¢,SNT,Binance,0,,pump_and_dump,1,telegram_pump_channel,ArdiaD/PumpDump,https://github.com/ArdiaD/PumpDump,
2021-10-24T09:05:48Z,Binance Royal Pump,VIB,Binance,0,,pump_and_dump,1,telegram_pump_channel,ArdiaD/PumpDump,https://github.com/ArdiaD/PumpDump,
2021-10-24T14:00:01Z,üê≥WHALE BINANCE GROUP PUMP üê≥,FOR,Binance,0,,pump_and_dump,1,telegram_pump_channel,ArdiaD/PumpDump,https://github.com/ArdiaD/PumpDump,
2021-10-24T14:47:20Z,Binance Pump Tracker‚Ñ¢,IDEX,Binance,0,,pump_and_dump,1,telegram_pump_channel,ArdiaD/PumpDump,https://github.com/ArdiaD/PumpDump,
2021-10-24T17:00:07Z,Crypto Binance Trading | Signals & Pumps,EVX,Binance,1,2021-10-24T17:00:00Z,pump_and_dump,1,telegram_pump_channel,ArdiaD/PumpDump,https://github.com/ArdiaD/PumpDump,
2021-10-24T19:15:48Z,Binance Royal Pump,VIB,Binance,0,,pump_and_dump,1,telegram_pump_channel,ArdiaD/PumpDump,https://github.com/ArdiaD/PumpDump,
2021-10-26T10:46:42Z,premium binance signals turkey,SC,Binance,0,,pump_and_dump,1,telegram_pump_channel,ArdiaD/PumpDump,https://github.com/ArdiaD/PumpDump,
2021-10-26T15:15:37Z,Binance Pump Tracker‚Ñ¢,GRS,Binance,0,,pump_and_dump,1,telegram_pump_channel,ArdiaD/PumpDump,https://github.com/ArdiaD/PumpDump,
2021-10-26T17:06:26Z,Binance Pump Tracker‚Ñ¢,ARDR,Binance,0,,pump_and_dump,1,telegram_pump_channel,ArdiaD/PumpDump,https://github.com/ArdiaD/PumpDump,
2021-10-27T21:13:53Z,Binance Royal Pump,VIB,Binance,0,,pump_and_dump,1,telegram_pump_channel,ArdiaD/PumpDump,https://github.com/ArdiaD/PumpDump,
2021-10-30T05:24:38Z,Binance Pump Tracker‚Ñ¢,NXS,Binance,0,,pump_and_dump,1,telegram_pump_channel,ArdiaD/PumpDump,https://github.com/ArdiaD/PumpDump,
2021-10-30T16:06:14Z,Binance Pump Tracker‚Ñ¢,RDN,Binance,0,,pump_and_dump,1,telegram_pump_channel,ArdiaD/PumpDump,https://github.com/ArdiaD/PumpDump,
2021-10-30T17:30:36Z,Whales Crypto Guide,NEBL,Binance,1,2021-10-30T17:31:00Z,pump_and_dump,1,telegram_pump_channel,ArdiaD/PumpDump,https://github.com/ArdiaD/PumpDump,
2021-10-31T09:29:03Z,premium binance signals turkey,DUSK,Binance,0,,pump_and_dump,1,telegram_pump_channel,ArdiaD/PumpDump,https://github.com/ArdiaD/PumpDump,
2021-10-31T15:00:06Z,Big Pumps Binance‚Ñ¢,BRD,Binance,1,2021-10-31T15:00:00Z,pump_and_dump,1,telegram_pump_channel,ArdiaD/PumpDump,https://github.com/ArdiaD/PumpDump,
2021-10-31T17:00:05Z,Crypto Binance Trading | Signals & Pumps,EZ,Binance,1,2021-10-31T17:00:00Z,pump_and_dump,1,telegram_pump_channel,ArdiaD/PumpDump,https://github.com/ArdiaD/PumpDump,
2021-10-31T17:06:29Z,Binance Royal Pump,VIB,Binance,0,,pump_and_dump,1,telegram_pump_channel,ArdiaD/PumpDump,https://github.com/ArdiaD/PumpDump,
2021-11-01T14:57:08Z,Pro Analysis,CHR,Binance,0,,pump_and_dump,1,telegram_pump_channel,ArdiaD/PumpDump,https://github.com/ArdiaD/PumpDump,
2021-11-02T16:16:13Z,Binance Pump Tracker‚Ñ¢,OAX,Binance,0,,pump_and_dump,1,telegram_pump_channel,ArdiaD/PumpDump,https://github.com/ArdiaD/PumpDump,
2021-11-03T06:29:40Z,Binance Pump Tracker‚Ñ¢,MTH,Binance,0,,pump_and_dump,1,telegram_pump_channel,ArdiaD/PumpDump,https://github.com/ArdiaD/PumpDump,
2021-11-03T16:25:54Z,premium binance signals turkey,FIRO,Binance,0,,pump_and_dump,1,telegram_pump_channel,ArdiaD/PumpDump,https://github.com/ArdiaD/PumpDump,
2021-11-04T09:41:41Z,The Bull,BEL,Binance,0,,pump_and_dump,1,telegram_pump_channel,ArdiaD/PumpDump,https://github.com/ArdiaD/PumpDump,
2021-11-04T13:16:08Z,Binance Pump Tracker‚Ñ¢,REQ,Binance,0,,pump_and_dump,1,telegram_pump_channel,ArdiaD/PumpDump,https://github.com/ArdiaD/PumpDump,
2021-11-04T13:36:32Z,Binance Pump Tracker‚Ñ¢,BRD,Binance,0,,pump_and_dump,1,telegram_pump_channel,ArdiaD/PumpDump,https://github.com/ArdiaD/PumpDump,
2021-11-05T09:46:18Z,Binance Pump Tracker‚Ñ¢,QSP,Binance,0,,pump_and_dump,1,telegram_pump_channel,ArdiaD/PumpDump,https://github.com/ArdiaD/PumpDump,
2021-11-05T19:11:33Z,Binance Pump Tracker‚Ñ¢,NULS,Binance,0,,pump_and_dump,1,telegram_pump_channel,ArdiaD/PumpDump,https://github.com/ArdiaD/PumpDump,
2021-11-06T11:02:21Z,Binance Pump Tracker‚Ñ¢,NXS,Binance,0,,pump_and_dump,1,telegram_pump_channel,ArdiaD/PumpDump,https://github.com/ArdiaD/PumpDump,
2021-11-07T17:00:03Z,Crypto Coin Pump Signals,MTH,Binance,1,2021-11-07T17:00:00Z,pump_and_dump,1,telegram_pump_channel,ArdiaD/PumpDump,https://github.com/ArdiaD/PumpDump,
2021-11-07T17:21:49Z,Binance Royal Pump,VIB,Binance,0,,pump_and_dump,1,telegram_pump_channel,ArdiaD/PumpDump,https://github.com/ArdiaD/PumpDump,
2021-11-07T18:58:16Z,Binance whales pumps,VIB,Binance,0,,pump_and_dump,1,telegram_pump_channel,ArdiaD/PumpDump,https://github.com/ArdiaD/PumpDump,
2021-11-08T14:12:02Z,Binance Pump Tracker‚Ñ¢,EPS,Binance,0,,pump_and_dump,1,telegram_pump_channel,ArdiaD/PumpDump,https://github.com/ArdiaD/PumpDump,
2021-11-09T03:49:00Z,Crypto VIP Signal‚Ñ¢,SUPER,Binance,0,,pump_and_dump,1,telegram_pump_channel,ArdiaD/PumpDump,https://github.com/ArdiaD/PumpDump,
2021-11-09T16:56:11Z,Binance Pump Tracker‚Ñ¢,OAX,Binance,0,,pump_and_dump,1,telegram_pump_channel,ArdiaD/PumpDump,https://github.com/ArdiaD/PumpDump,
2021-11-11T12:29:23Z,Binance Pump Tracker‚Ñ¢,EVX,Binance,0,,pump_and_dump,1,telegram_pump_channel,ArdiaD/PumpDump,https://github.com/ArdiaD/PumpDump,
2021-11-12T14:37:03Z,Binance Pump Tracker‚Ñ¢,NAS,Binance,0,,pump_and_dump,1,telegram_pump_channel,ArdiaD/PumpDump,https://github.com/ArdiaD/PumpDump,
2021-11-12T15:36:26Z,Binance Pump Tracker‚Ñ¢,ASR,Binance,1,2021-11-12T15:37:00Z,pump_and_dump,1,telegram_pump_channel,ArdiaD/PumpDump,https://github.com/ArdiaD/PumpDump,
2021-11-12T15:43:46Z,Binance Pump Tracker‚Ñ¢,ATM,Binance,0,,pump_and_dump,1,telegram_pump_channel,ArdiaD/PumpDump,https://github.com/ArdiaD/PumpDump,
2021-11-12T16:00:07Z,Whales Crypto Expert‚Ñ¢,EVX,Binance,1,2021-11-12T16:00:00Z,pump_and_dump,1,telegram_pump_channel,ArdiaD/PumpDump,https://github.com/ArdiaD/PumpDump,
2021-11-14T15:00:06Z,Pumps Leaks,NAS,Binance,1,2021-11-14T15:00:00Z,pump_and_dump,1,telegram_pump_channel,ArdiaD/PumpDump,https://github.com/ArdiaD/PumpDump,
2021-11-16T16:00:08Z,Whales Crypto Expert‚Ñ¢,NXS,Binance,1,2021-11-16T16:00:00Z,pump_and_dump,1,telegram_pump_channel,ArdiaD/PumpDump,https://github.com/ArdiaD/PumpDump,
2021-11-16T16:22:46Z,Binance Pump Tracker‚Ñ¢,APPC,Binance,0,,pump_and_dump,1,telegram_pump_channel,ArdiaD/PumpDump,https://github.com/ArdiaD/PumpDump,
2021-11-19T11:03:38Z,Binance Pump Tracker‚Ñ¢,RAMP,Binance,0,,pump_and_dump,1,telegram_pump_channel,ArdiaD/PumpDump,https://github.com/ArdiaD/PumpDump,
2021-11-20T13:36:31Z,Binance Pump Tracker‚Ñ¢,NXS,Binance,0,,pump_and_dump,1,telegram_pump_channel,ArdiaD/PumpDump,https://github.com/ArdiaD/PumpDump,
2021-11-21T11:08:11Z,Binance Pump Tracker‚Ñ¢,PIVX,Binance,0,,pump_and_dump,1,telegram_pump_channel,ArdiaD/PumpDump,https://github.com/ArdiaD/PumpDump,
2021-11-21T13:27:42Z,Binance Pump Tracker‚Ñ¢,ARDR,Binance,0,,pump_and_dump,1,telegram_pump_channel,ArdiaD/PumpDump,https://github.com/ArdiaD/PumpDump,
2021-11-22T17:47:49Z,Binance Pump Tracker‚Ñ¢,ACM,Binance,0,,pump_and_dump,1,telegram_pump_channel,ArdiaD/PumpDump,https://github.com/ArdiaD/PumpDump,
2021-11-23T11:54:50Z,Binance Pump Tracker‚Ñ¢,REQ,Binance,0,,pump_and_dump,1,telegram_pump_channel,ArdiaD/PumpDump,https://github.com/ArdiaD/PumpDump,
2021-11-23T15:00:03Z,Pumps Leaks,MDA,Binance,1,2021-11-23T15:00:00Z,pump_and_dump,1,telegram_pump_channel,ArdiaD/PumpDump,https://github.com/ArdiaD/PumpDump,
2021-11-26T01:21:52Z,Binance Pump Tracker‚Ñ¢,NAV,Binance,0,,pump_and_dump,1,telegram_pump_channel,ArdiaD/PumpDump,https://github.com/ArdiaD/PumpDump,
2021-11-26T04:19:33Z,Binance Pump Tracker‚Ñ¢,ELF,Binance,0,,pump_and_dump,1,telegram_pump_channel,ArdiaD/PumpDump,https://github.com/ArdiaD/PumpDump,
2021-11-27T10:49:34Z,Binance Pump Tracker‚Ñ¢,TKO,Binance,0,,pump_and_dump,1,telegram_pump_channel,ArdiaD/PumpDump,https://github.com/ArdiaD/PumpDump,
2021-11-27T16:37:26Z,Binance Pump Tracker‚Ñ¢,NXS,Binance,0,,pump_and_dump,1,telegram_pump_channel,ArdiaD/PumpDump,https://github.com/ArdiaD/PumpDump,
2021-11-27T16:50:46Z,Binance Pump Tracker‚Ñ¢,GXS,Binance,0,,pump_and_dump,1,telegram_pump_channel,ArdiaD/PumpDump,https://github.com/ArdiaD/PumpDump,
2021-11-28T07:09:31Z,Binance Pump Tracker‚Ñ¢,FOR,Binance,0,,pump_and_dump,1,telegram_pump_channel,ArdiaD/PumpDump,https://github.com/ArdiaD/PumpDump,
2021-11-28T15:26:32Z,Binance Pump Tracker‚Ñ¢,VIB,Binance,0,,pump_and_dump,1,telegram_pump_channel,ArdiaD/PumpDump,https://github.com/ArdiaD/PumpDump,
2021-11-28T15:48:50Z,Binance Pump Tracker‚Ñ¢,FXS,Binance,0,,pump_and_dump,1,telegram_pump_channel,ArdiaD/PumpDump,https://github.com/ArdiaD/PumpDump,
2021-11-28T16:01:20Z,Binance Pump Tracker‚Ñ¢,GRS,Binance,0,,pump_and_dump,1,telegram_pump_channel,ArdiaD/PumpDump,https://github.com/ArdiaD/PumpDump,
2021-11-28T17:00:05Z,Crypto Coin Pump Signals,PHB,Binance,1,2021-11-28T17:00:00Z,pump_and_dump,1,telegram_pump_channel,ArdiaD/PumpDump,https://github.com/ArdiaD/PumpDump,
2021-11-28T18:53:49Z,Binance Royal Pump,VIB,Binance,0,,pump_and_dump,1,telegram_pump_channel,ArdiaD/PumpDump,https://github.com/ArdiaD/PumpDump,
2021-11-29T05:21:50Z,The Bull,ALPHA,Binance,0,,pump_and_dump,1,telegram_pump_channel,ArdiaD/PumpDump,https://github.com/ArdiaD/PumpDump,
2021-11-29T07:49:03Z,Binance whales pumps,VIB,Binance,0,,pump_and_dump,1,telegram_pump_channel,ArdiaD/PumpDump,https://github.com/ArdiaD/PumpDump,
2021-11-30T12:31:13Z,Binance Pump Tracker‚Ñ¢,QSP,Binance,0,,pump_and_dump,1,telegram_pump_channel,ArdiaD/PumpDump,https://github.com/ArdiaD/PumpDump,
2021-12-02T19:30:13Z,Binance Pump Tracker‚Ñ¢,ELF,Binance,0,,pump_and_dump,1,telegram_pump_channel,ArdiaD/PumpDump,https://github.com/ArdiaD/PumpDump,
2021-12-04T12:59:30Z,Binance Pump Tracker‚Ñ¢,NXS,Binance,0,,pump_and_dump,1,telegram_pump_channel,ArdiaD/PumpDump,https://github.com/ArdiaD/PumpDump,
2021-12-05T15:00:48Z,üê≥WHALE BINANCE GROUP PUMP üê≥,NEBL,Binance,1,2021-12-05T15:00:00Z,pump_and_dump,1,telegram_pump_channel,ArdiaD/PumpDump,https://github.com/ArdiaD/PumpDump,
2021-12-06T06:45:03Z,Binance Pump Tracker‚Ñ¢,ADX,Binance,0,,pump_and_dump,1,telegram_pump_channel,ArdiaD/PumpDump,https://github.com/ArdiaD/PumpDump,
2021-12-06T16:00:04Z,Whales Crypto Expert‚Ñ¢,GRS,Binance,1,2021-12-06T16:00:00Z,pump_and_dump,1,telegram_pump_channel,ArdiaD/PumpDump,https://github.com/ArdiaD/PumpDump,
2021-12-07T16:00:22Z,üê≥WHALE BINANCE GROUP PUMP üê≥,SNM,Binance,1,2021-12-07T15:01:00Z,pump_and_dump,1,telegram_pump_channel,ArdiaD/PumpDump,https://github.com/ArdiaD/PumpDump,
2021-12-08T18:54:15Z,Binance Pump Tracker‚Ñ¢,QLC,Binance,0,,pump_and_dump,1,telegram_pump_channel,ArdiaD/PumpDump,https://github.com/ArdiaD/PumpDump,
2021-12-09T02:20:13Z,Binance Pump Tracker‚Ñ¢,TCT,Binance,0,,pump_and_dump,1,telegram_pump_channel,ArdiaD/PumpDump,https://github.com/ArdiaD/PumpDump,
2021-12-09T06:00:15Z,Binance Pump Tracker‚Ñ¢,AST,Binance,0,,pump_and_dump,1,telegram_pump_channel,ArdiaD/PumpDump,https://github.com/ArdiaD/PumpDump,
2021-12-16T02:32:42Z,Binance Pump Tracker‚Ñ¢,NXS,Binance,0,,pump_and_dump,1,telegram_pump_channel,ArdiaD/PumpDump,https://github.com/ArdiaD/PumpDump,
2021-12-16T12:47:22Z,Binance Pump Tracker‚Ñ¢,SNT,Binance,0,,pump_and_dump,1,telegram_pump_channel,ArdiaD/PumpDump,https://github.com/ArdiaD/PumpDump,
2021-12-16T14:04:43Z,Binance Pump Tracker‚Ñ¢,AST,Binance,0,,pump_and_dump,1,telegram_pump_channel,ArdiaD/PumpDump,https://github.com/ArdiaD/PumpDump,
2021-12-16T14:52:52Z,Binance Pump Tracker‚Ñ¢,RAMP,Binance,0,,pump_and_dump,1,telegram_pump_channel,ArdiaD/PumpDump,https://github.com/ArdiaD/PumpDump,
2021-12-17T13:47:40Z,Binance Pump Tracker‚Ñ¢,RDN,Binance,0,,pump_and_dump,1,telegram_pump_channel,ArdiaD/PumpDump,https://github.com/ArdiaD/PumpDump,
2021-12-24T12:39:29Z,Binance Pump Tracker‚Ñ¢,NEBL,Binance,0,,pump_and_dump,1,telegram_pump_channel,ArdiaD/PumpDump,https://github.com/ArdiaD/PumpDump,
2021-12-24T12:49:37Z,Binance Pump Tracker‚Ñ¢,CTXC,Binance,0,,pump_and_dump,1,telegram_pump_channel,ArdiaD/PumpDump,https://github.com/ArdiaD/PumpDump,
2021-12-24T17:21:40Z,Binance Pump Tracker‚Ñ¢,AGIX,Binance,0,,pump_and_dump,1,telegram_pump_channel,ArdiaD/PumpDump,https://github.com/ArdiaD/PumpDump,
2021-12-25T13:55:38Z,Binance Pump Tracker‚Ñ¢,OG,Binance,0,,pump_and_dump,1,telegram_pump_channel,ArdiaD/PumpDump,https://github.com/ArdiaD/PumpDump,
2021-12-25T14:13:53Z,Binance Pump Tracker‚Ñ¢,TCT,Binance,0,,pump_and_dump,1,telegram_pump_channel,ArdiaD/PumpDump,https://github.com/ArdiaD/PumpDump,
2021-12-26T15:45:49Z,Binance Pump Tracker‚Ñ¢,RAMP,Binance,0,,pump_and_dump,1,telegram_pump_channel,ArdiaD/PumpDump,https://github.com/ArdiaD/PumpDump,
2021-12-26T18:53:56Z,Binance Pump Tracker‚Ñ¢,PNT,Binance,0,,pump_and_dump,1,telegram_pump_channel,ArdiaD/PumpDump,https://github.com/ArdiaD/PumpDump,
2021-12-28T14:13:28Z,Binance Pump Tracker‚Ñ¢,POWR,Binance,0,,pump_and_dump,1,telegram_pump_channel,ArdiaD/PumpDump,https://github.com/ArdiaD/PumpDump,
2021-12-28T14:27:19Z,Binance Pump Tracker‚Ñ¢,PIVX,Binance,0,,pump_and_dump,1,telegram_pump_channel,ArdiaD/PumpDump,https://github.com/ArdiaD/PumpDump,
2021-12-31T18:32:19Z,Binance Pump Tracker‚Ñ¢,ATM,Binance,0,,pump_and_dump,1,telegram_pump_channel,ArdiaD/PumpDump,https://github.com/ArdiaD/PumpDump,
2022-01-02T17:00:07Z,Kucoin Pump Signals | Crypto Trading,NEBL,Binance,1,2022-01-02T17:00:00Z,pump_and_dump,1,telegram_pump_channel,ArdiaD/PumpDump,https://github.com/ArdiaD/PumpDump,
2022-01-02T17:12:13Z,Binance whales pumps,VIB,Binance,0,,pump_and_dump,1,telegram_pump_channel,ArdiaD/PumpDump,https://github.com/ArdiaD/PumpDump,
2022-01-08T08:10:33Z,Binance Pump Tracker‚Ñ¢,POWR,Binance,0,,pump_and_dump,1,telegram_pump_channel,ArdiaD/PumpDump,https://github.com/ArdiaD/PumpDump,
2022-01-09T16:30:08Z,Binance Pump Tracker‚Ñ¢,ASR,Binance,0,,pump_and_dump,1,telegram_pump_channel,ArdiaD/PumpDump,https://github.com/ArdiaD/PumpDump,
2022-01-12T17:37:53Z,Binance Pump Tracker‚Ñ¢,ATM,Binance,0,,pump_and_dump,1,telegram_pump_channel,ArdiaD/PumpDump,https://github.com/ArdiaD/PumpDump,
2022-01-17T17:46:31Z,Binance Pump Tracker‚Ñ¢,ELF,Binance,0,,pump_and_dump,1,telegram_pump_channel,ArdiaD/PumpDump,https://github.com/ArdiaD/PumpDump,
2022-01-18T16:00:05Z,Whales Crypto Expert‚Ñ¢,PIVX,Binance,1,2022-01-18T16:00:00Z,pump_and_dump,1,telegram_pump_channel,ArdiaD/PumpDump,https://github.com/ArdiaD/PumpDump,
2022-01-24T18:59:45Z,Binance Pump Tracker‚Ñ¢,PIVX,Binance,0,,pump_and_dump,1,telegram_pump_channel,ArdiaD/PumpDump,https://github.com/ArdiaD/PumpDump,
2022-01-26T10:41:39Z,Binance Pump Tracker‚Ñ¢,QLC,Binance,0,,pump_and_dump,1,telegram_pump_channel,ArdiaD/PumpDump,https://github.com/ArdiaD/PumpDump,
2022-01-26T11:03:10Z,Binance Pump Tracker‚Ñ¢,OG,Binance,1,2022-01-26T10:04:00Z,pump_and_dump,1,telegram_pump_channel,ArdiaD/PumpDump,https://github.com/ArdiaD/PumpDump,
2022-01-26T11:12:05Z,Binance Pump Tracker‚Ñ¢,SNM,Binance,0,,pump_and_dump,1,telegram_pump_channel,ArdiaD/PumpDump,https://github.com/ArdiaD/PumpDump,
2022-01-26T11:31:04Z,Binance Pump Tracker‚Ñ¢,OM,Binance,0,,pump_and_dump,1,telegram_pump_channel,ArdiaD/PumpDump,https://github.com/ArdiaD/PumpDump,
2022-01-27T12:19:21Z,Binance Pump Tracker‚Ñ¢,ASR,Binance,0,,pump_and_dump,1,telegram_pump_channel,ArdiaD/PumpDump,https://github.com/ArdiaD/PumpDump,
2022-01-28T19:11:38Z,Binance Pump Tracker‚Ñ¢,ACM,Binance,0,,pump_and_dump,1,telegram_pump_channel,ArdiaD/PumpDump,https://github.com/ArdiaD/PumpDump,
2022-02-02T18:04:34Z,Binance Pump Tracker‚Ñ¢,MDX,Binance,0,,pump_and_dump,1,telegram_pump_channel,ArdiaD/PumpDump,https://github.com/ArdiaD/PumpDump,
